PPP-ANNEX.pdf.p00000001.tif,pannexp1.tif
PPP-ANNEX.pdf.p00000002.tif,pannexp3.tif
PPP-CHI.pdf.p00000001.tif,pcovc1.tif
PPP-CHI.pdf.p00000002.tif,pcovc2.tif
PPP-ENG.pdf.p00000001.tif,pcove1.tif
PPP-ENG.pdf.p00000002.tif,pcove2.tif
PPP-ENG.pdf.p00000003.tif,pcove3.tif
PPP-Notes-ER.pdf.p00000001.tif,pempe1.tif
PPP-Notes-ER.pdf.p00000002.tif,pempe2.tif
PPP-Notes-ERA.pdf.p00000001.tif,pempae1.tif
PPP-Notes-ERA.pdf.p00000002.tif,pempae2.tif
PPP-Notes-ERA.pdf.p00000003.tif,pempae3.tif
PPP-Explanatory-Notes.pdf.p00000001.tif,pexplanp1.tif